{
  "baseline_vote": {
    "mean": 0.896728515625,
    "std": 0.30431312322616577,
    "snr": 0.5986538529396057
  },
  "naive_continuous": {
    "mean": 0.3520665168762207,
    "std": 0.398851603269577,
    "snr": 0.31765416264533997
  },
  "ug_mors": {
    "mean": 0.08896302431821823,
    "std": 0.39893752336502075,
    "snr": 0.265887975692749
  },
  "ug_mors_fixed": {
    "mean": -0.03962184861302376,
    "std": 0.4433703124523163,
    "snr": 0.3016285300254822
  },
  "ug_mors_no_div": {
    "mean": 0.10292525589466095,
    "std": 0.3997828960418701,
    "snr": 0.2652930021286011
  },
  "ug_mors_no_per": {
    "mean": 0.09490072727203369,
    "std": 0.38672560453414917,
    "snr": 0.23009079694747925
  },
  "ug_mors_no_ret": {
    "mean": 0.09376046061515808,
    "std": 0.3963266909122467,
    "snr": 0.26123347878456116
  },
  "ug_pbrs": {
    "mean": 0.7898622751235962,
    "std": 0.6038234829902649,
    "snr": 0.5915806889533997
  },
  "_ece_p_sem": 0.14733028880800703,
  "_ece_p_sta": 0.22670075988571625
}