{
  "baseline_vote": {
    "mean": 0.904541015625,
    "std": 0.29384782910346985,
    "snr": 3.5967729091644287
  },
  "naive_continuous": {
    "mean": 0.0830918550491333,
    "std": 0.22408056259155273,
    "snr": 0.6671577095985413
  },
  "ug_mors": {
    "mean": -0.18234939873218536,
    "std": 0.21582671999931335,
    "snr": 0.49442392587661743
  },
  "ug_mors_fixed": {
    "mean": -0.30236536264419556,
    "std": 0.25675153732299805,
    "snr": 0.7082823514938354
  },
  "ug_mors_no_div": {
    "mean": -0.16327372193336487,
    "std": 0.21589672565460205,
    "snr": 0.49476200342178345
  },
  "ug_mors_no_per": {
    "mean": -0.19541463255882263,
    "std": 0.20226983726024628,
    "snr": 0.3000139892101288
  },
  "ug_mors_no_ret": {
    "mean": -0.19046539068222046,
    "std": 0.22140949964523315,
    "snr": 0.4790111184120178
  },
  "ug_pbrs": {
    "mean": 0.8020621538162231,
    "std": 0.5811954736709595,
    "snr": 3.5800979137420654
  },
  "_ece_p_sem": 0.20112785073433767,
  "_ece_p_sta": 0.45603841279807966
}