{
  "baseline_vote": {
    "mean": 0.839599609375,
    "std": 0.36697694659233093,
    "snr": 2.942909002304077
  },
  "naive_continuous": {
    "mean": 0.21532829105854034,
    "std": 0.27308860421180725,
    "snr": 1.0634342432022095
  },
  "ug_mors": {
    "mean": -0.05844328552484512,
    "std": 0.23795922100543976,
    "snr": 0.7385666370391846
  },
  "ug_mors_fixed": {
    "mean": -0.1978670060634613,
    "std": 0.28600212931632996,
    "snr": 0.8202547430992126
  },
  "ug_mors_no_div": {
    "mean": -0.03928856551647186,
    "std": 0.23825828731060028,
    "snr": 0.7369020581245422
  },
  "ug_mors_no_per": {
    "mean": -0.05534527450799942,
    "std": 0.21893751621246338,
    "snr": 0.579744815826416
  },
  "ug_mors_no_ret": {
    "mean": -0.06791612505912781,
    "std": 0.24614468216896057,
    "snr": 0.7221419811248779
  },
  "ug_pbrs": {
    "mean": 0.6740303039550781,
    "std": 0.7273649573326111,
    "snr": 2.825352191925049
  },
  "_ece_p_sem": 0.15070657489923178,
  "_ece_p_sta": 0.2842445700571261
}